fecha,texto,retweet_count,favorite_count,hashtags,mencions,name_place,full_name_place,country,username,followers,friends,create_count
Sat Jan 23 02:54:40 +0000 2021,@Salud_Ec  aprendan! https://t.co/8cs3cA4ifP,0,0,[],"[""Salud_Ec""]",,,,AmandaArboledaR,498,393,Mon Apr 22 01:59:46 +0000 2013
Sat Jan 23 02:14:18 +0000 2021,RT @Primicias: @Salud_Ec Los directivos de hospitales enviaron al Ministerio de @Salud_Ec un listado de los colaboradores que deben recibir‚Ä¶,6,0,[],"[""Primicias"", ""Salud_Ec"", ""Salud_Ec""]",,,,FabyTorres25,116,152,Tue Sep 29 15:31:18 +0000 2020
Sat Jan 23 02:11:53 +0000 2021,RT @Primicias: @Salud_Ec Los directivos de hospitales enviaron al Ministerio de @Salud_Ec un listado de los colaboradores que deben recibir‚Ä¶,6,0,[],"[""Primicias"", ""Salud_Ec"", ""Salud_Ec""]",,,,MariHern2T,120,154,Tue Nov 17 19:13:30 +0000 2020
Sat Jan 23 02:08:31 +0000 2021,RT @Primicias: @Salud_Ec Los directivos de hospitales enviaron al Ministerio de @Salud_Ec un listado de los colaboradores que deben recibir‚Ä¶,6,0,[],"[""Primicias"", ""Salud_Ec"", ""Salud_Ec""]",,,,karlospancho,965,2053,Fri Jul 10 23:30:04 +0000 2009
Sat Jan 23 01:59:43 +0000 2021,@Salud_Ec  @Lenin https://t.co/Ygf8SbLxrK,0,0,[],"[""Salud_Ec"", ""Lenin""]",,,,Michellebsc95,286,245,Thu May 17 15:42:01 +0000 2018
Sat Jan 23 01:13:05 +0000 2021,@Salud_Ec Ha disminuido la pandemia de Corona virus,0,0,[],"[""Salud_Ec""]",,,,Augustoedgar4,2,14,Fri Nov 27 20:20:43 +0000 2020
Sat Jan 23 00:31:54 +0000 2021,@Salud_Ec @Arcsa_Ec Ayuden a salvar el agua. https://t.co/zY5oMGOPVI,0,0,[],"[""Salud_Ec"", ""Arcsa_Ec""]",,,,isvintimilla,29,133,Sun Feb 04 21:20:48 +0000 2018
Fri Jan 22 23:55:18 +0000 2021,@Salud_Ec Y si cumplimos esas 3s podemos entrenar con normalidad? O estamos a expensas q @LoroHomero vaya a multarnos,0,0,[],"[""Salud_Ec"", ""LoroHomero""]",,,,Siniestrus,180,435,Tue Sep 08 22:28:10 +0000 2009
Fri Jan 22 23:49:22 +0000 2021,@Salud_Ec @Lenin  Este Premio Violeta es una buena formar de incentivar a las empresas para que se esmeren en realizar las buenas pr√°cticas que permiten sostener el empleo femenino y prevenir la violencia. #SembramosFuturo,0,0,"[""SembramosFuturo""]","[""Salud_Ec"", ""Lenin""]",,,,castrogiovacg,373,592,Fri Mar 20 16:47:31 +0000 2020
Fri Jan 22 23:13:31 +0000 2021,"@Salud_Ec @Lenin

D√≠ganle a sus pupilos que le metan algo de l√≠quido a esa jeringa jajajaja

#VacunaCOVID19 #EcuadorSeVacuna #Ecuador https://t.co/x3ElQJD9RT",0,0,"[""VacunaCOVID19"", ""EcuadorSeVacuna"", ""Ecuador""]","[""Salud_Ec"", ""Lenin""]",,,,IsaiasGame_,403,364,Mon Jun 10 01:53:47 +0000 2013
Fri Jan 22 22:29:32 +0000 2021,RT @juliadeferretti: @Salud_Ec como puede acceder a la vacuna mi esposo de 83 a√±os y con discapacidad. Se llama JOSE FERRETTI. Espero infor‚Ä¶,3,0,[],"[""juliadeferretti"", ""Salud_Ec""]",,,,Decada_robada35,161,88,Sun Jul 17 22:04:02 +0000 2016
Fri Jan 22 22:25:12 +0000 2021,"@Salud_Ec Esto es muy importante que se realice de acuerdo a c√≥mo vayan avanzando las cosas en el pa√≠s, seguiremos en la lucha contra la pandemia #SembramosFuturo",0,0,"[""SembramosFuturo""]","[""Salud_Ec""]",,,,VicZambr_,480,970,Mon Nov 25 23:42:14 +0000 2019
Fri Jan 22 22:23:53 +0000 2021,@Salud_Ec Hay que mantenernos informados del reporte de los casos en nuestro pa√≠s y estar atentos de lo que va sucediendo #SembramosFuturo,0,0,"[""SembramosFuturo""]","[""Salud_Ec""]",,,,VicZambr_,480,970,Mon Nov 25 23:42:14 +0000 2019
Fri Jan 22 22:10:01 +0000 2021,@Salud_Ec Tenemos que ser muy consciente y tomar en cuenta las medidas de Bioseguridad por qu√© no debemos bajar la Guardia y as√≠ poder salir adelante por el bienestar de todos #SembramosFuturo.,0,0,"[""SembramosFuturo""]","[""Salud_Ec""]",,,,Juli0gom,268,522,Tue Jul 21 02:40:38 +0000 2020
Fri Jan 22 22:08:38 +0000 2021,@Salud_Ec La salud del Pueblo es importante por ello el Gobierno de @Lenin trabaja para fortalecer los sistema de atenci√≥n en estos tiempos de Pandemia para poder brindar bienestar al Pueblo #SembramosFuturo.,0,0,"[""SembramosFuturo""]","[""Salud_Ec"", ""Lenin""]",,,,Juli0gom,268,522,Tue Jul 21 02:40:38 +0000 2020
Fri Jan 22 21:58:58 +0000 2021,@Salud_Ec @DrJuanCZevallos https://t.co/Iyz2TZ74Fg,0,0,[],"[""Salud_Ec"", ""DrJuanCZevallos""]",,,,traposo78,10,370,Fri May 22 21:31:10 +0000 2015
Fri Jan 22 21:04:34 +0000 2021,@Salud_Ec Si el pa√≠s es uno de los m√°s lentos en vacunaci√≥n las clases virtuales ser√°n hasta 2024 gobierno ridiculo y asqueroso que no saben c√≥mo reaccionar a estas situaciones y no sabe c√≥mo actuar r√°pido dan asco,0,0,[],"[""Salud_Ec""]",,,,n_valla1,7,226,Thu Apr 23 23:18:58 +0000 2020
Fri Jan 22 21:02:37 +0000 2021,"@Salud_Ec Alimentar a tu hijo con leche materna es darle alimento sano llena de vitaminas y nutrientes, para que tu hijo tenga una excelente y buena salud a futuro #SembramosFuturo",0,0,"[""SembramosFuturo""]","[""Salud_Ec""]",,,,CaloFre1,462,536,Thu May 21 15:14:27 +0000 2020
Fri Jan 22 20:28:51 +0000 2021,RT @Primicias: @Salud_Ec Los directivos de hospitales enviaron al Ministerio de @Salud_Ec un listado de los colaboradores que deben recibir‚Ä¶,6,0,[],"[""Primicias"", ""Salud_Ec"", ""Salud_Ec""]",,,,Canalgye,663,664,Mon Oct 03 23:20:11 +0000 2011
Fri Jan 22 20:23:52 +0000 2021,RT @Primicias: @Salud_Ec Los directivos de hospitales enviaron al Ministerio de @Salud_Ec un listado de los colaboradores que deben recibir‚Ä¶,6,0,[],"[""Primicias"", ""Salud_Ec"", ""Salud_Ec""]",,,,LuisGonz2304,16,140,Sat Apr 27 04:12:28 +0000 2019
Fri Jan 22 20:03:08 +0000 2021,@Salud_Ec Ay ya te inyectaron un chip para controlar tus hormonas y que ya no tengas m√°s hijos jajaja,0,0,[],"[""Salud_Ec""]",,,,Juliopibaque2,12,232,Fri Mar 24 13:52:27 +0000 2017
Fri Jan 22 19:05:53 +0000 2021,@Salud_Ec Me pueden decir el n√∫mero de pacientes recuperados en provincia de Pichincha? Es para una tarea,0,0,[],"[""Salud_Ec""]",,,,Thedarkslinger1,1,32,Thu Nov 26 19:59:20 +0000 2020
Fri Jan 22 18:47:40 +0000 2021,@Salud_Ec cu√°ndo? https://t.co/AIEWuyrGbx,0,0,[],"[""Salud_Ec""]",,,,GeoLRB,96,711,Thu Jul 09 15:18:24 +0000 2020
Fri Jan 22 18:33:08 +0000 2021,"@Salud_Ec Estimados, d√≥nde me puedo informar sobre las pruebas PCR que ustedes respaldan para los miembros de mesa para elecciones. ü§î",0,0,[],"[""Salud_Ec""]",,,,JohnMoreiraD,507,2249,Fri Apr 30 00:14:12 +0000 2010
Fri Jan 22 18:14:50 +0000 2021,@Salud_Ec  @DrJuanCZevallos  @Salud_CZ9 tomen conducta como es posible que en la misma institucion vendan cloro y el mismo dr pazos pueda ingresar al mismo hospital enrique garces a los pacientes que el trata en la privada....les cobra 100 y hasta 300 dolares https://t.co/Jqan0DbN8e,0,0,[],"[""Salud_Ec"", ""DrJuanCZevallos"", ""Salud_CZ9""]",,,,Mariacaza3,0,11,Tue Nov 17 13:30:35 +0000 2020
Fri Jan 22 18:10:15 +0000 2021,@Salud_Ec alguna explicaci√≥n a estas amenazas?????? https://t.co/Qp52NR8eiu,0,0,[],"[""Salud_Ec""]",,,,SamuelitoDanie1,15,164,Mon Jun 01 16:22:49 +0000 2020
Fri Jan 22 17:39:52 +0000 2021,"@Salud_Ec ¬øExiste planificaci√≥n preventiva para d√≠as de  elecci√≥npresidencial y ""feriado"" de carnaval?",0,0,[],"[""Salud_Ec""]",,,,fradamogi,10,50,Sun May 01 13:44:01 +0000 2016
Fri Jan 22 17:14:20 +0000 2021,"@Salud_Ec 
@Lenin 
@EcuavisaInforma 
@elcomerciocom 
@eluniverso 
@RTSEcuador 
Ser√° que pueden investigar.. √©sto..?? https://t.co/EwO1r55nki",0,1,[],"[""Salud_Ec"", ""Lenin"", ""EcuavisaInforma"", ""elcomerciocom"", ""eluniverso"", ""RTSEcuador""]",,,,elumo60,1325,4916,Sun Oct 24 21:38:38 +0000 2010
Fri Jan 22 17:13:08 +0000 2021,"@Salud_Ec Necesitamos respuesta con respecto a la falta de Vacunas para menores de 5 a√±os! No hay Pentavalente hace varios meses y ahora hay d√©ficit de OPV DPT, Estamos listos para una nueva crisis sanitaria, pero ahora en ni√±os?",0,0,[],"[""Salud_Ec""]",,,,LisRb,372,1187,Sun Aug 08 03:54:58 +0000 2010
Fri Jan 22 17:10:18 +0000 2021,@Salud_Ec El informe ya deber√≠a incluir el n√∫mero de vacunados.,0,2,[],"[""Salud_Ec""]",,,,Marcelogomezter,62,167,Sun Jun 05 14:09:59 +0000 2016
Fri Jan 22 17:06:22 +0000 2021,@Salud_Ec https://t.co/sIDlfRU1kc,0,0,[],"[""Salud_Ec""]",,,,oliverhuayamave,335,1460,Mon Jan 10 23:16:09 +0000 2011
Fri Jan 22 16:54:18 +0000 2021,@Salud_Ec https://t.co/oK1BpMnSJn,0,0,[],"[""Salud_Ec""]",,,,elferlopezaires,4219,2412,Sun Dec 08 20:49:04 +0000 2013
Fri Jan 22 16:50:57 +0000 2021,@Salud_Ec MISERABLES !! ¬øporque bloquean a quienes pensamos diferente ?,0,0,[],"[""Salud_Ec""]",,,,MarcoCampaa6,43,120,Sun May 31 07:35:45 +0000 2020
Fri Jan 22 16:07:36 +0000 2021,"@Salud_Ec  por favor no es solo mi hijo, son algunos beb√©s que les hace falta esas vacunas y por derecho seg√∫n la ley. https://t.co/edogiXgHxz",0,0,[],"[""Salud_Ec""]",,,,lmem312,582,403,Sat Dec 15 23:08:10 +0000 2012
Fri Jan 22 16:06:26 +0000 2021,@Salud_Ec @DrJuanCZevallos ah√≠ alguien que no merece ser vacunado. https://t.co/OGSvMl5GaI,0,0,[],"[""Salud_Ec"", ""DrJuanCZevallos""]",,,,Morisc451,72,98,Mon Oct 07 21:15:37 +0000 2019
Fri Jan 22 15:18:17 +0000 2021,"@Salud_Ec @Arcsa_Ec Gracias por proporcionarnos est√° importante informaci√≥n, porque siempre hay personas enga√±osas que juegan con lo m√°s sagrado quer√©s la salud.  Seamos portadores de esta informaci√≥n y denunciemos si es el caso.  #PlanVacunarse",0,0,"[""PlanVacunarse""]","[""Salud_Ec"", ""Arcsa_Ec""]",,,,Ccova_alentina,538,979,Sun Aug 13 16:14:22 +0000 2017
Fri Jan 22 15:01:37 +0000 2021,"@Salud_Ec Qu√© Pena Presenciar la Pobreza d L√≥gica,Conocimiento e Identidad de Ser.El COE Nacional es Un Organismo Inter Institucional Multidisciplinario con Un Presidente Nato,Se Activa en Circunstancias Emergentes como Ahora,su Funci√≥n es Editar el Marco d Gesti√≥n Sanitario a Implementar!",0,0,[],"[""Salud_Ec""]",,,,Constru3Critico,79,144,Sun Sep 06 13:12:29 +0000 2020
Fri Jan 22 14:48:41 +0000 2021,@Salud_Ec Sigan educando a muchas madres para que alimenten a sus beb√©s de una manera adecuada y sabiendo que es lo mejor para ellos #SembramosFuturo,0,0,"[""SembramosFuturo""]","[""Salud_Ec""]",,,,MaraGabrielaRe,251,304,Wed Jul 08 06:13:28 +0000 2020
Fri Jan 22 14:21:25 +0000 2021,"@Salud_Ec Por la protecci√≥n de tu salud y la de ti familia qu√©date en casa 
@Lenin",0,0,[],"[""Salud_Ec"", ""Lenin""]",,,,Marta_Fernndz,284,496,Fri Apr 10 14:07:25 +0000 2020
Fri Jan 22 14:20:47 +0000 2021,@Salud_Ec Qu√©date en casa es la mejor recomendaciones de nuestro gobierno @Lenin para evitar cualquier tipo de contagio,0,0,[],"[""Salud_Ec"", ""Lenin""]",,,,Mariajs_Diazz,250,548,Mon Apr 20 04:32:50 +0000 2020
Fri Jan 22 14:19:48 +0000 2021,@Salud_Ec Evitar la participaci√≥n en reuniones donde participen m√°s de 10 personas son las recomendaciones del gobierno de nuestro pa√≠s @Lenin,0,0,[],"[""Salud_Ec"", ""Lenin""]",,,,Marta_Fernndz,284,496,Fri Apr 10 14:07:25 +0000 2020
Fri Jan 22 14:18:49 +0000 2021,"@Salud_Ec No participar en aglomeraciones para evitar cualquier tipo de contagio
@Lenin",0,0,[],"[""Salud_Ec"", ""Lenin""]",,,,Mariajs_Diazz,250,548,Mon Apr 20 04:32:50 +0000 2020
Fri Jan 22 13:58:51 +0000 2021,@Salud_Ec ...ese tipejo que funde de ministro de salud..es una verdadera ¬°¬°BESTIA!!üò†üò§üò†,0,0,[],"[""Salud_Ec""]",,,,Jcobando5,480,1971,Tue Aug 26 18:28:13 +0000 2014
Fri Jan 22 13:52:16 +0000 2021,@Salud_Ec https://t.co/5uLtm6tpYw,0,0,[],"[""Salud_Ec""]",,,,Danilo8789,133,140,Wed May 05 04:26:37 +0000 2010
Fri Jan 22 13:44:26 +0000 2021,@Salud_Ec @DrJuanCZevallos How effective is a single vaccine dose against Covid-19? https://t.co/IVAHXS2AaY v√≠a @BBC_Future,0,0,[],"[""Salud_Ec"", ""DrJuanCZevallos"", ""BBC_Future""]",,,,traposo78,10,370,Fri May 22 21:31:10 +0000 2015
Fri Jan 22 13:42:13 +0000 2021,"@Salud_Ec
Sera que se est√°n vacunando los m√©dicos de primera linea. Ministro c√∫rese en sano y difunda los nombres de los vacunados. Parece que los directivos son los primeros en la lista.",0,1,[],"[""Salud_Ec""]",,,,917Sur,981,546,Wed Aug 16 16:43:02 +0000 2017
Fri Jan 22 13:18:30 +0000 2021,@Salud_Ec MISERABLES @Lenin @Salud_Ec y todos los responsables de este desastre de campa√±a contra el Covid-19,0,0,[],"[""Salud_Ec"", ""Lenin"", ""Salud_Ec""]",,,,GonzaloMrquez2,134,118,Thu Jul 02 18:08:31 +0000 2015
Fri Jan 22 13:17:55 +0000 2021,"#MSPEnMedios | Finaliza entrevista en @tomebamba al viceministro de Gobernanza, #XavierSol√≥rzano, sobre la llegada de la #VacunaCOVID19 al Ecuador.

#PlanVacunarse
#YoSeguroS√≠
#EcuadorSeVacuna https://t.co/mYboQhfmim",6,4,"[""MSPEnMedios"", ""XavierSol√≥rzano"", ""VacunaCOVID19"", ""PlanVacunarse"", ""YoSeguroS√≠"", ""EcuadorSeVacuna""]","[""tomebamba""]",,,,Salud_Ec,450285,1254,Thu Dec 02 20:46:58 +0000 2010
Fri Jan 22 13:17:55 +0000 2021,"#MSPEnMedios | #XavierSol√≥rzano: Tenemos acceso a 18 millones de dosis de la #VacunaCOVID19 que permitir√° vacunar a 9 millones de ecuatorianos. 

#PlanVacunarse
#YoSeguroS√≠
#EcuadorSeVacuna https://t.co/a2mOkZ0IZa",7,4,"[""MSPEnMedios"", ""XavierSol√≥rzano"", ""VacunaCOVID19"", ""PlanVacunarse"", ""YoSeguroS√≠"", ""EcuadorSeVacuna""]",[],,,,Salud_Ec,450285,1254,Thu Dec 02 20:46:58 +0000 2010
Fri Jan 22 13:17:54 +0000 2021,"#MSPEnMedios | #XavierSol√≥rzano: Aunque recibamos la #VacunaCOVID19 debemos mantener las medidas de bioseguridad como uso de mascarilla, lavado de manos y distanciamien

#PlanVacunarse
#YoSeguroS√≠
#EcuadorSeVacuna https://t.co/780uyrHZQp",3,2,"[""MSPEnMedios"", ""XavierSol√≥rzano"", ""VacunaCOVID19"", ""PlanVacunarse"", ""YoSeguroS√≠"", ""EcuadorSeVacuna""]",[],,,,Salud_Ec,450285,1254,Thu Dec 02 20:46:58 +0000 2010
Fri Jan 22 13:17:53 +0000 2021,"#MSPEnMedios | #XavierSol√≥rzano: La empresa privada, al momento y por recomendaci√≥n de las farmace√∫ticas, no podr√° distribuir la #VacunaCOVID19.  

#PlanVacunarse
#YoSeguroS√≠
#EcuadorSeVacuna https://t.co/v0ZQVjR297",2,2,"[""MSPEnMedios"", ""XavierSol√≥rzano"", ""VacunaCOVID19"", ""PlanVacunarse"", ""YoSeguroS√≠"", ""EcuadorSeVacuna""]",[],,,,Salud_Ec,450285,1254,Thu Dec 02 20:46:58 +0000 2010
Fri Jan 22 13:17:51 +0000 2021,"#MSPEnMedios | #XavierSol√≥rzano: Estamos haciendo una distribuci√≥n equitativa, garantizando el acceso a la #VacunaCOVID19 al personal de primera l√≠nea. La aplicaci√≥n ser√° paulatina y depende de la cantidad de dosis que recibimos, le pido a los colegas un poco de paciencia. https://t.co/obJMQxuO56",3,2,"[""MSPEnMedios"", ""XavierSol√≥rzano"", ""VacunaCOVID19""]",[],,,,Salud_Ec,450285,1254,Thu Dec 02 20:46:58 +0000 2010
Fri Jan 22 13:17:50 +0000 2021,"#MSPEnMedios | #XavierSol√≥rzano: Todos los ecuatorianos van a ser vacunados, pero lo estamos haciendo en funci√≥n de las dosis que nos llegan. 

#PlanVacunarse
#YoSeguroS√≠
#EcuadorSeVacuna https://t.co/RxcDPQunc5",3,2,"[""MSPEnMedios"", ""XavierSol√≥rzano"", ""PlanVacunarse"", ""YoSeguroS√≠"", ""EcuadorSeVacuna""]",[],,,,Salud_Ec,450285,1254,Thu Dec 02 20:46:58 +0000 2010
Fri Jan 22 13:05:39 +0000 2021,@Salud_Ec Qu√© falsos son. La salud p√∫blica es una mierda.,0,1,[],"[""Salud_Ec""]",,,,jorgeallara,6919,1915,Sat Feb 20 18:04:43 +0000 2010
Fri Jan 22 12:48:05 +0000 2021,RT @justGA: @Salud_Ec hace sorteo en el hospital Luis Vernaza en vez de darle prioridad a los m√©dicos y enfermeras designados hace 10 meses‚Ä¶,1,0,[],"[""justGA"", ""Salud_Ec""]",,,,IderValverde,589,1340,Mon Jun 06 19:57:36 +0000 2011
Fri Jan 22 12:44:44 +0000 2021,@Salud_Ec hace sorteo en el hospital Luis Vernaza en vez de darle prioridad a los m√©dicos y enfermeras designados hace 10 meses en la secci√≥n covid. #Prioridades,1,0,"[""Prioridades""]","[""Salud_Ec""]",,,,justGA,1921,502,Mon Dec 27 15:21:57 +0000 2010
Fri Jan 22 12:31:28 +0000 2021,@Salud_Ec @DrJuanCZevallos que grave!! Investigar esas marcas de anticonceptivos en Ecuador   https:// https://t.co/G0YWOsnH9h,0,0,[],"[""Salud_Ec"", ""DrJuanCZevallos""]",,,,DesafioDerechos,6702,1696,Thu Jul 12 15:26:53 +0000 2012
Fri Jan 22 12:22:45 +0000 2021,"#MSPEnMedios | Finaliza entrevista en @teleamazonasec al ministro de @Salud_Ec, @DrJuanCZevallos, sobre la llegada de la #VacunaCOVID19 al Ecuador.

#EcuadorSeVacuna
#PlanVacunarse
#YoSeguroS√≠ https://t.co/y2lCKxMSH1",5,2,"[""MSPEnMedios"", ""VacunaCOVID19"", ""EcuadorSeVacuna"", ""PlanVacunarse"", ""YoSeguroS√≠""]","[""teleamazonasec"", ""Salud_Ec"", ""DrJuanCZevallos""]",,,,Salud_Ec,450285,1254,Thu Dec 02 20:46:58 +0000 2010
Fri Jan 22 12:22:45 +0000 2021,"#MSPEnMedios | @DrJuanCZevallos: Trabajamos junto al sector privado y con la academia para capacitar al personal de @Salud_Ec en la aplicaci√≥n de la #VacunaCOVID19.

#EcuadorSeVacuna
#PlanVacunarse
#YoSeguroS√≠ https://t.co/ges4BMDd8J",5,2,"[""MSPEnMedios"", ""VacunaCOVID19"", ""EcuadorSeVacuna"", ""PlanVacunarse"", ""YoSeguroS√≠""]","[""DrJuanCZevallos"", ""Salud_Ec""]",,,,Salud_Ec,450285,1254,Thu Dec 02 20:46:58 +0000 2010
Fri Jan 22 12:22:44 +0000 2021,"#MSPEnMedios | @DrJuanCZevallos: Ecuador ha negociado 18 millones de dosis para vacunar a 9 millones de personas hasta el mes de octubre. 

#EcuadorSeVacuna
#PlanVacunarse
#YoSeguroS√≠ https://t.co/o4HKnk1j6D",6,4,"[""MSPEnMedios"", ""EcuadorSeVacuna"", ""PlanVacunarse"", ""YoSeguroS√≠""]","[""DrJuanCZevallos""]",,,,Salud_Ec,450285,1254,Thu Dec 02 20:46:58 +0000 2010
Fri Jan 22 12:22:43 +0000 2021,"#MSPEnMedios | @DrJuanCZevallos: 95 centros m√©dicos administrar√°n la #VacunaCOVID19 en las 24 provincias del pa√≠s.

#EcuadorSeVacuna
#PlanVacunarse
#YoSeguroS√≠ https://t.co/ts95koaB2y",3,3,"[""MSPEnMedios"", ""VacunaCOVID19"", ""EcuadorSeVacuna"", ""PlanVacunarse"", ""YoSeguroS√≠""]","[""DrJuanCZevallos""]",,,,Salud_Ec,450285,1254,Thu Dec 02 20:46:58 +0000 2010
Fri Jan 22 12:22:42 +0000 2021,"#MSPEnMedios | @DrJuanCZevallos: La #VacunaCOVID19 ya fue aplicada a varios adultos mayores en centros geri√°tricos. 

#EcuadorSeVacuna
#PlanVacunarse
#YoSeguroS√≠ https://t.co/b1Vd4kmXVJ",3,3,"[""MSPEnMedios"", ""VacunaCOVID19"", ""EcuadorSeVacuna"", ""PlanVacunarse"", ""YoSeguroS√≠""]","[""DrJuanCZevallos""]",,,,Salud_Ec,450285,1254,Thu Dec 02 20:46:58 +0000 2010
Fri Jan 22 12:22:41 +0000 2021,"#MSPEnMedios | @DrJuanCZevallos: El Comit√© de Transparencia verifica que las listas de vacunados tengan criterio sanitario y que sea prioridad el personal que estuvo en primera l√≠nea, aquellos que tienen m√°s riesgo. 

#EcuadorSeVacuna
#PlanVacunarse
#YoSeguroS√≠ https://t.co/HFymFGaYzF",3,3,"[""MSPEnMedios"", ""EcuadorSeVacuna"", ""PlanVacunarse"", ""YoSeguroS√≠""]","[""DrJuanCZevallos""]",,,,Salud_Ec,450285,1254,Thu Dec 02 20:46:58 +0000 2010
Fri Jan 22 12:22:40 +0000 2021,"#MSPEnMedios | @DrJuanCZevallos: El d√≠a 20 de enero de 2021 recibimos las primeras dosis de la #VacunaCOVID19, esto significa el inicio del fin de la pandemia. 

#EcuadorSeVacuna
#PlanVacunarse
#YoSeguroS√≠ https://t.co/g8tH1BkFr5",2,2,"[""MSPEnMedios"", ""VacunaCOVID19"", ""EcuadorSeVacuna"", ""PlanVacunarse"", ""YoSeguroS√≠""]","[""DrJuanCZevallos""]",,,,Salud_Ec,450285,1254,Thu Dec 02 20:46:58 +0000 2010
Fri Jan 22 11:17:53 +0000 2021,@Salud_Ec miserables! Qu√© tienen en contra de los m√©dicos posgradistas?? https://t.co/2lsdvxNFKz,0,1,[],"[""Salud_Ec""]",,,,anamktg,58,252,Tue May 17 18:40:29 +0000 2016
Fri Jan 22 11:01:03 +0000 2021,@Salud_Ec Nadie les cree.,0,0,[],"[""Salud_Ec""]",,,,alexisolivo,2085,2947,Wed Jun 17 16:31:02 +0000 2009
Fri Jan 22 10:49:17 +0000 2021,@Salud_Ec Ineptos,0,0,[],"[""Salud_Ec""]",,,,borisco73,28,226,Fri Sep 28 04:10:50 +0000 2012
Fri Jan 22 10:30:10 +0000 2021,@Salud_Ec Que falta de Etica,0,0,[],"[""Salud_Ec""]",,,,JuanCarlosMrs,13,147,Sat Oct 12 14:56:52 +0000 2019
Fri Jan 22 07:34:25 +0000 2021,RT @juliadeferretti: @Salud_Ec como puede acceder a la vacuna mi esposo de 83 a√±os y con discapacidad. Se llama JOSE FERRETTI. Espero infor‚Ä¶,3,0,[],"[""juliadeferretti"", ""Salud_Ec""]",,,,donatellavanoni,17,423,Mon Mar 31 03:28:42 +0000 2014
Fri Jan 22 07:32:23 +0000 2021,RT @juliadeferretti: @Salud_Ec como puede acceder a la vacuna mi esposo de 83 a√±os y con discapacidad. Se llama JOSE FERRETTI. Espero infor‚Ä¶,3,0,[],"[""juliadeferretti"", ""Salud_Ec""]",,,,PepitadeZ,8179,1937,Sun May 31 09:04:06 +0000 2009
Fri Jan 22 05:38:30 +0000 2021,@Salud_Ec Miserables ineptos mitomanos Moreno y sus secuaces  merecen la c√°rcel todo los Ecuatorianos a Repudiarles por tanta  maldad  son #ElPeorGobiernoDeLaHistoria,0,0,"[""ElPeorGobiernoDeLaHistoria""]","[""Salud_Ec""]",,,,Maryrossll,414,502,Fri Feb 24 21:32:10 +0000 2012
Fri Jan 22 05:00:07 +0000 2021,"@Salud_Ec Mediocres hdp! 

https://t.co/ewrID8ZucN",0,0,[],"[""Salud_Ec""]",,,,ro_ca_g,379,1033,Wed Jan 23 22:55:42 +0000 2019
Fri Jan 22 04:49:10 +0000 2021,@Salud_Ec @FiscaliaEcuador @DrJuanCZevallos cu√°l es el mecanismo para la denuncia? https://t.co/IMw9uAKug4,0,0,[],"[""Salud_Ec"", ""FiscaliaEcuador"", ""DrJuanCZevallos""]",,,,diepazen,977,1353,Thu May 19 03:38:51 +0000 2011
Fri Jan 22 03:38:36 +0000 2021,@Salud_Ec MENTIRA.,0,0,[],"[""Salud_Ec""]",,,,nc_charp,78,224,Sat Jun 01 19:42:41 +0000 2013
Fri Jan 22 03:12:48 +0000 2021,@Salud_Ec @Lenin como es posible q los 1eros vacunados no sean los internistas d 1era l√≠nea pero si ponen a una dermatologa o el mismo Min d salud debi√≥ ceder su vacuna https://t.co/3EvOnLE8a3,0,2,[],"[""Salud_Ec"", ""Lenin""]",,,,hijadeivan,1939,1116,Sat Apr 18 19:26:44 +0000 2009
Fri Jan 22 02:39:53 +0000 2021,"@Salud_Ec como puede acceder a la vacuna mi esposo de 83 a√±os y con discapacidad. Se llama JOSE FERRETTI. Espero informaci√≥n, ya que los tel√©fonos del Distrito 8 no responden. Me ayudan con retweet @PepitadeZ @aguschmer @ottosonnenh @tinocotania @MaJosefaCoronel",3,1,[],"[""Salud_Ec"", ""PepitadeZ"", ""aguschmer"", ""ottosonnenh"", ""tinocotania"", ""MaJosefaCoronel""]",,,,juliadeferretti,177,373,Fri Aug 19 02:21:09 +0000 2016
Fri Jan 22 02:37:56 +0000 2021,@Salud_Ec x favor quien ayuda a las madres q est√°n buscando vacunas para sus reci√©n nacidos hasta su primer a√±o en los subcentros solo te responden q no hay.pero x afuera con m√©dicos particulares te las venden,0,0,[],"[""Salud_Ec""]",,,,rodrigo78462505,1,1,Fri Jan 22 01:32:03 +0000 2021
Fri Jan 22 02:17:58 +0000 2021,@Salud_Ec Excelente,0,0,[],"[""Salud_Ec""]",,,,IENJ85,27,52,Sat Aug 15 14:29:43 +0000 2015
Fri Jan 22 02:17:28 +0000 2021,@Salud_Ec porque necesitaban un cami√≥n tan grande? https://t.co/yjhuVINJOA,0,0,[],"[""Salud_Ec""]",,,,0h_daniel,96,229,Sun Apr 12 20:49:49 +0000 2009
Fri Jan 22 02:03:48 +0000 2021,@Salud_Ec Este es el verdadero reconocimiento que nos dan a los que hemos estado y seguimos estando en primera l√≠nea durante toda la pandemia!!!! https://t.co/lC57wsiLXe,0,0,[],"[""Salud_Ec""]",,,,frca88,26,53,Wed Nov 14 11:24:01 +0000 2012
Fri Jan 22 01:55:26 +0000 2021,"@Salud_Ec As√≠ vamos a nivel MUNDIAL y SUDAM√âRICA https://t.co/zQxC3YNRBO
MIRA AQU√ç EL RANKING MUNDIAL DE LOS 30 PA√çSES CON M√ÅS CASOS.",0,1,[],"[""Salud_Ec""]",,,,JIMMYAURANTE,300,44,Thu Dec 02 04:49:19 +0000 2010
Fri Jan 22 01:39:49 +0000 2021,@Salud_Ec Donde esta la plata sinverg√ºenzas con 8.000 dosis van a solucionar el grave problema del covid. Shuwas,0,0,[],"[""Salud_Ec""]",,,,DAVIDESALINAS,41,186,Tue Oct 07 22:22:01 +0000 2014
Fri Jan 22 01:24:32 +0000 2021,"@Salud_Ec Para qu√© se vacuna  el Ministro de Salud, si la vacuna combate el COVID, y √©l lo que tiene es un grado de estupidez inmenso y eso no hay vacuna que cure.",0,0,[],"[""Salud_Ec""]",,,,santiquito70,70,225,Tue Oct 08 22:17:57 +0000 2013
Fri Jan 22 01:15:38 +0000 2021,@Salud_Ec Bel mejor reconocimiento que les pueden dar es lo que Ud mismo le est√°n negando estabilidad laboral !!,0,0,[],"[""Salud_Ec""]",,,,11_jhon,36,138,Fri Apr 29 05:08:54 +0000 2011
Fri Jan 22 01:01:50 +0000 2021,@Salud_Ec se salva primero. Nada sorprende de este. https://t.co/JwbXAN27wD,0,0,[],"[""Salud_Ec""]",,,,lucho2171,148,1142,Mon Feb 14 15:23:17 +0000 2011
Fri Jan 22 00:57:01 +0000 2021,@Salud_Ec Esperando que me asignen plaza de especialista para el a√±o de salud social. Cu√°nto m√°s tengo que esperar? Y de paso no me dejan trabajar en el √°mbito privado,0,0,[],"[""Salud_Ec""]",,,,EyeMD_ec,62,244,Tue Jun 08 18:49:06 +0000 2010
Fri Jan 22 00:51:30 +0000 2021,@Salud_Ec üëç,0,0,[],"[""Salud_Ec""]",,,,MBB57064700,0,30,Wed Jan 13 04:46:00 +0000 2021
Fri Jan 22 00:42:00 +0000 2021,@Salud_Ec Ineptos https://t.co/Kf4D7pPh0g,0,0,[],"[""Salud_Ec""]",,,,Pablo2735256952,14,141,Thu Jun 20 19:42:13 +0000 2019
Fri Jan 22 00:40:57 +0000 2021,@Salud_Ec Y cu√°ntos pacientes atendi√≥ el ministro que primerito se vacuno?,0,2,[],"[""Salud_Ec""]",,,,SSOMauricioPolo,84,131,Tue Jul 19 14:40:59 +0000 2016
Fri Jan 22 00:39:46 +0000 2021,@Salud_Ec https://t.co/lMNTQmwDTu,0,0,[],"[""Salud_Ec""]",,,,cecipachay1,151,531,Thu Mar 31 18:24:03 +0000 2016
Fri Jan 22 00:33:38 +0000 2021,@Salud_Ec Mentirosos! Vacunaron a quien les parecio! Desorganizacion total!,0,2,[],"[""Salud_Ec""]",,,,madecepeda,149,93,Sat Mar 07 22:12:00 +0000 2009
Fri Jan 22 00:20:00 +0000 2021,@Salud_Ec https://t.co/0fDT7MRdhs #Dermatolog√≠a primera l√≠nea?   Hasta cuando,0,1,"[""Dermatolog√≠a""]","[""Salud_Ec""]",,,,CyndiMaTJ,511,1122,Mon Dec 28 20:09:25 +0000 2009
Fri Jan 22 00:19:05 +0000 2021,"@Salud_Ec Inicio la vacunaci√≥n de panas asesinos, arranc√≥ con el primer canalla de este pa√≠s,  con el que se burl√≥ de los m√©dicos y dej√≥ morir a m√°s de 44 mil personas.
#ElPeorGobiernoDeLaHistoria",0,0,"[""ElPeorGobiernoDeLaHistoria""]","[""Salud_Ec""]",,,,rosaenriquez1,133,293,Thu Dec 01 18:10:14 +0000 2011
Fri Jan 22 00:17:35 +0000 2021,"@Salud_Ec Y el que se burl√≥ de los m√©dicos y de los muertos hace su burla poni√©ndose el mismo la vacuna.
@DrJuanCZevallos mataste m√°s de 44 mil personas y te llenas la boca de gloria.
Asesinos
#ElPeorGobiernoDeLaHistoria",0,0,"[""ElPeorGobiernoDeLaHistoria""]","[""Salud_Ec"", ""DrJuanCZevallos""]",,,,rosaenriquez1,133,293,Thu Dec 01 18:10:14 +0000 2011
Fri Jan 22 00:08:54 +0000 2021,@Salud_Ec Pfizer no enviar√° m√°s vacunas a M√©xico ni a Canad√° en 1 y 3 semanas reiniciar√° los env√≠os! En Ecuador si llegaran los millones de Pfizer? A que otra farmac√©utica han comprado y cuantos millones? La vacuna Rusa es una buena opci√≥n ya hay negociaciones? Hay suficientes jeringas?,0,0,[],"[""Salud_Ec""]",,,,JesusGarcaBerm1,132,304,Sun Aug 25 22:04:30 +0000 2019
Thu Jan 21 23:55:55 +0000 2021,"@Salud_Ec Q verg√ºenza de ministro de salud, con las pocas vacunas q hay y el q no a esta en primera l√≠nea se coloca la vacuna. Q verg√ºenza bola de corruptos",0,0,[],"[""Salud_Ec""]",,,,ecdenuncias1,9,124,Mon Jun 29 22:36:41 +0000 2020
Thu Jan 21 23:53:26 +0000 2021,@Salud_Ec https://t.co/rLQ1OZNZLF,0,0,[],"[""Salud_Ec""]",,,,zuritaj1974,576,910,Tue Mar 25 03:06:18 +0000 2014
Thu Jan 21 23:35:36 +0000 2021,"@Salud_Ec era necesario vacunar al vago del ministro? Mi para valer verga sirve el se√±or ese ü§£ü§£ü§£ no mentira, los amo cuando usan recursos de todos para que sean felices ustedes üòò",0,0,[],"[""Salud_Ec""]",,,,CarlosRParedesV,379,543,Mon Jan 10 16:56:17 +0000 2011
Thu Jan 21 23:30:13 +0000 2021,RT @ykls78: @Salud_Ec @ministeriosalud @DDHH_Ec @CarlosVerareal Resuelvan el Nombramiento Definitivo de los becarios que casi mueren de cov‚Ä¶,1,0,[],"[""ykls78"", ""Salud_Ec"", ""ministeriosalud"", ""DDHH_Ec"", ""CarlosVerareal""]",,,,ykls78,10,59,Fri Nov 26 21:13:45 +0000 2010
